{
  "GET commission-listing" : {
    "transaction" : "GET commission-listing",
    "sampleCount" : 100,
    "errorCount" : 0,
    "errorPct" : 0.0,
    "meanResTime" : 79.00999999999999,
    "medianResTime" : 78.0,
    "minResTime" : 57.0,
    "maxResTime" : 151.0,
    "pct1ResTime" : 92.0,
    "pct2ResTime" : 100.79999999999995,
    "pct3ResTime" : 150.7799999999999,
    "throughput" : 1.7574383578495985,
    "receivedKBytesPerSec" : 7.113849602818931,
    "sentKBytesPerSec" : 1.094966476863324
  },
  "GET transaction-details " : {
    "transaction" : "GET transaction-details ",
    "sampleCount" : 100,
    "errorCount" : 0,
    "errorPct" : 0.0,
    "meanResTime" : 64.08000000000003,
    "medianResTime" : 61.0,
    "minResTime" : 50.0,
    "maxResTime" : 128.0,
    "pct1ResTime" : 79.9,
    "pct2ResTime" : 91.69999999999993,
    "pct3ResTime" : 127.8099999999999,
    "throughput" : 1.7484962931878585,
    "receivedKBytesPerSec" : 1.0654899286613513,
    "sentKBytesPerSec" : 0.9835291649181703
  },
  "GET search-user-by-id" : {
    "transaction" : "GET search-user-by-id",
    "sampleCount" : 100,
    "errorCount" : 0,
    "errorPct" : 0.0,
    "meanResTime" : 65.10000000000001,
    "medianResTime" : 61.5,
    "minResTime" : 52.0,
    "maxResTime" : 177.0,
    "pct1ResTime" : 75.0,
    "pct2ResTime" : 85.79999999999995,
    "pct3ResTime" : 176.69999999999985,
    "throughput" : 1.709927841045108,
    "receivedKBytesPerSec" : 1.0520063865804863,
    "sentKBytesPerSec" : 0.8583036233370952
  },
  " GET balance-check" : {
    "transaction" : " GET balance-check",
    "sampleCount" : 100,
    "errorCount" : 0,
    "errorPct" : 0.0,
    "meanResTime" : 66.08000000000001,
    "medianResTime" : 62.0,
    "minResTime" : 52.0,
    "maxResTime" : 319.0,
    "pct1ResTime" : 77.0,
    "pct2ResTime" : 91.84999999999997,
    "pct3ResTime" : 316.8899999999989,
    "throughput" : 1.7099863201094392,
    "receivedKBytesPerSec" : 0.5601708116022572,
    "sentKBytesPerSec" : 0.970216847640219
  },
  "POST send-money-customer-to-customer" : {
    "transaction" : "POST send-money-customer-to-customer",
    "sampleCount" : 100,
    "errorCount" : 0,
    "errorPct" : 0.0,
    "meanResTime" : 90.91,
    "medianResTime" : 89.5,
    "minResTime" : 66.0,
    "maxResTime" : 162.0,
    "pct1ResTime" : 100.0,
    "pct2ResTime" : 127.0999999999998,
    "pct3ResTime" : 161.98,
    "throughput" : 1.7525718992621673,
    "receivedKBytesPerSec" : 0.6058695823621164,
    "sentKBytesPerSec" : 1.213450660719606
  },
  "POST commission-create" : {
    "transaction" : "POST commission-create",
    "sampleCount" : 100,
    "errorCount" : 0,
    "errorPct" : 0.0,
    "meanResTime" : 84.74,
    "medianResTime" : 82.0,
    "minResTime" : 66.0,
    "maxResTime" : 160.0,
    "pct1ResTime" : 98.60000000000002,
    "pct2ResTime" : 110.94999999999999,
    "pct3ResTime" : 159.76999999999987,
    "throughput" : 1.7586746627741334,
    "receivedKBytesPerSec" : 0.857010406957317,
    "sentKBytesPerSec" : 1.3241583642566963
  },
  "withdraw-customer-to-agent" : {
    "transaction" : "withdraw-customer-to-agent",
    "sampleCount" : 100,
    "errorCount" : 0,
    "errorPct" : 0.0,
    "meanResTime" : 82.09000000000003,
    "medianResTime" : 79.5,
    "minResTime" : 64.0,
    "maxResTime" : 116.0,
    "pct1ResTime" : 97.9,
    "pct2ResTime" : 107.94999999999999,
    "pct3ResTime" : 115.94999999999997,
    "throughput" : 1.7514055029160902,
    "receivedKBytesPerSec" : 0.5934596498064697,
    "sentKBytesPerSec" : 1.2143534248734609
  },
  "GET search-user-by-email" : {
    "transaction" : "GET search-user-by-email",
    "sampleCount" : 100,
    "errorCount" : 0,
    "errorPct" : 0.0,
    "meanResTime" : 64.22000000000001,
    "medianResTime" : 60.0,
    "minResTime" : 51.0,
    "maxResTime" : 236.0,
    "pct1ResTime" : 73.9,
    "pct2ResTime" : 95.5499999999999,
    "pct3ResTime" : 235.1899999999996,
    "throughput" : 1.710483553700631,
    "receivedKBytesPerSec" : 0.689872761404649,
    "sentKBytesPerSec" : 0.8903200528539418
  },
  "POST payment-customer-to-merchant " : {
    "transaction" : "POST payment-customer-to-merchant ",
    "sampleCount" : 100,
    "errorCount" : 0,
    "errorPct" : 0.0,
    "meanResTime" : 92.36000000000001,
    "medianResTime" : 91.5,
    "minResTime" : 69.0,
    "maxResTime" : 158.0,
    "pct1ResTime" : 99.0,
    "pct2ResTime" : 106.84999999999997,
    "pct3ResTime" : 157.76999999999987,
    "throughput" : 1.7550325558539113,
    "receivedKBytesPerSec" : 0.6136101129363449,
    "sentKBytesPerSec" : 1.211726579090542
  },
  "POST admin-create-virtual-money" : {
    "transaction" : "POST admin-create-virtual-money",
    "sampleCount" : 100,
    "errorCount" : 0,
    "errorPct" : 0.0,
    "meanResTime" : 76.41999999999999,
    "medianResTime" : 72.0,
    "minResTime" : 60.0,
    "maxResTime" : 256.0,
    "pct1ResTime" : 87.80000000000001,
    "pct2ResTime" : 102.84999999999997,
    "pct3ResTime" : 255.07999999999953,
    "throughput" : 1.7601605266400295,
    "receivedKBytesPerSec" : 0.6067740877968071,
    "sentKBytesPerSec" : 1.2255805229436925
  },
  "GET system-virtual-balance" : {
    "transaction" : "GET system-virtual-balance",
    "sampleCount" : 100,
    "errorCount" : 0,
    "errorPct" : 0.0,
    "meanResTime" : 67.75999999999996,
    "medianResTime" : 62.0,
    "minResTime" : 52.0,
    "maxResTime" : 195.0,
    "pct1ResTime" : 85.0,
    "pct2ResTime" : 93.94999999999999,
    "pct3ResTime" : 194.32999999999964,
    "throughput" : 1.7622076937987912,
    "receivedKBytesPerSec" : 0.5644571519199253,
    "sentKBytesPerSec" : 1.0686825955557122
  },
  "Debug Sampler" : {
    "transaction" : "Debug Sampler",
    "sampleCount" : 100,
    "errorCount" : 0,
    "errorPct" : 0.0,
    "meanResTime" : 0.12000000000000005,
    "medianResTime" : 0.0,
    "minResTime" : 0.0,
    "maxResTime" : 4.0,
    "pct1ResTime" : 0.0,
    "pct2ResTime" : 1.0,
    "pct3ResTime" : 3.9699999999999847,
    "throughput" : 1.7525718992621673,
    "receivedKBytesPerSec" : 1.4063704893180744,
    "sentKBytesPerSec" : 0.0
  },
  "POST login" : {
    "transaction" : "POST login",
    "sampleCount" : 100,
    "errorCount" : 0,
    "errorPct" : 0.0,
    "meanResTime" : 471.1400000000001,
    "medianResTime" : 444.5,
    "minResTime" : 388.0,
    "maxResTime" : 1088.0,
    "pct1ResTime" : 555.0000000000002,
    "pct2ResTime" : 696.649999999999,
    "pct3ResTime" : 1086.5199999999993,
    "throughput" : 1.6788946157849671,
    "receivedKBytesPerSec" : 1.1411236841663448,
    "sentKBytesPerSec" : 0.46235183755015696
  },
  "Total" : {
    "transaction" : "Total",
    "sampleCount" : 1700,
    "errorCount" : 2,
    "errorPct" : 0.11764706,
    "meanResTime" : 114.11411764705892,
    "medianResTime" : 74.5,
    "minResTime" : 0.0,
    "maxResTime" : 1088.0,
    "pct1ResTime" : 366.9000000000001,
    "pct2ResTime" : 431.9499999999998,
    "pct3ResTime" : 498.98,
    "throughput" : 27.961446100200664,
    "receivedKBytesPerSec" : 37.283507604074146,
    "sentKBytesPerSec" : 15.991624544598507
  },
  " POST user-create" : {
    "transaction" : " POST user-create",
    "sampleCount" : 100,
    "errorCount" : 2,
    "errorPct" : 2.0,
    "meanResTime" : 393.31000000000006,
    "medianResTime" : 382.5,
    "minResTime" : 63.0,
    "maxResTime" : 869.0,
    "pct1ResTime" : 459.9000000000001,
    "pct2ResTime" : 496.84999999999997,
    "pct3ResTime" : 866.6699999999988,
    "throughput" : 1.7359604201024217,
    "receivedKBytesPerSec" : 0.874218817810954,
    "sentKBytesPerSec" : 1.3425382182536238
  },
  " POST deposit-system-to-agent" : {
    "transaction" : " POST deposit-system-to-agent",
    "sampleCount" : 100,
    "errorCount" : 0,
    "errorPct" : 0.0,
    "meanResTime" : 79.54,
    "medianResTime" : 74.0,
    "minResTime" : 63.0,
    "maxResTime" : 155.0,
    "pct1ResTime" : 99.60000000000002,
    "pct2ResTime" : 124.1499999999998,
    "pct3ResTime" : 155.0,
    "throughput" : 1.7506083363968978,